p,m,sigma,rep,inhull,s_type,first_extinction
1,10,NA,1,NA,1,200.683
1,10,NA,1,NA,2,200.683
1,10,NA,2,NA,1,172.9486
1,10,NA,2,NA,2,172.9486
1,10,NA,3,NA,1,159.8206
1,10,NA,3,NA,2,159.8206
1,10,NA,4,NA,1,232.9334
1,10,NA,4,NA,2,232.9334
1,10,NA,5,NA,1,138.4654
1,10,NA,5,NA,2,138.4654
1,10,NA,6,NA,1,86.5608
1,10,NA,6,NA,2,86.5608
1,10,NA,7,NA,1,301.818
1,10,NA,7,NA,2,301.818
1,10,NA,8,NA,1,186.3624
1,10,NA,8,NA,2,186.3624
1,10,NA,9,NA,1,138.3676
1,10,NA,9,NA,2,138.3676
1,10,NA,10,NA,1,154.9236
1,10,NA,10,NA,2,154.9236
1,10,NA,11,NA,1,204.2502
1,10,NA,11,NA,2,204.2502
1,10,NA,12,NA,1,339.7876
1,10,NA,12,NA,2,339.7876
1,10,NA,13,NA,1,144.9898
1,10,NA,13,NA,2,144.9898
1,10,NA,14,NA,1,171.3214
1,10,NA,14,NA,2,171.3214
1,10,NA,15,NA,1,310.3566
1,10,NA,15,NA,2,310.3566
1,10,NA,16,NA,1,103.5254
1,10,NA,16,NA,2,103.5254
1,10,NA,17,NA,1,108.6752
1,10,NA,17,NA,2,108.6752
1,10,NA,18,NA,1,225.8986
1,10,NA,18,NA,2,225.8986
1,10,NA,19,NA,1,211.448
1,10,NA,19,NA,2,211.448
1,10,NA,20,NA,1,265.673
1,10,NA,20,NA,2,265.673
1,10,NA,21,NA,1,162.2102
1,10,NA,21,NA,2,162.2102
1,10,NA,22,NA,1,175.0436
1,10,NA,22,NA,2,175.0436
1,10,NA,23,NA,1,166.8106
1,10,NA,23,NA,2,166.8106
1,10,NA,24,NA,1,204.9388
1,10,NA,24,NA,2,204.9388
1,10,NA,25,NA,1,129.7226
1,10,NA,25,NA,2,129.7226
1,10,NA,26,NA,1,294.3538
1,10,NA,26,NA,2,294.3538
1,10,NA,27,NA,1,103.0978
1,10,NA,27,NA,2,103.0978
1,10,NA,28,NA,1,330.9492
1,10,NA,28,NA,2,330.9492
1,10,NA,29,NA,1,202.7506
1,10,NA,29,NA,2,202.7506
1,10,NA,30,NA,1,289.5132
1,10,NA,30,NA,2,289.5132
1,10,NA,31,NA,1,209.2226
1,10,NA,31,NA,2,209.2226
1,10,NA,32,NA,1,166.5924
1,10,NA,32,NA,2,166.5924
1,10,NA,33,NA,1,146.8536
1,10,NA,33,NA,2,146.8536
1,10,NA,34,NA,1,170.433
1,10,NA,34,NA,2,170.433
1,10,NA,35,NA,1,117.285
1,10,NA,35,NA,2,117.285
1,10,NA,36,NA,1,133.9818
1,10,NA,36,NA,2,133.9818
1,10,NA,37,NA,1,308.7872
1,10,NA,37,NA,2,308.7872
1,10,NA,38,NA,1,143.1446
1,10,NA,38,NA,2,143.1446
1,10,NA,39,NA,1,203.4846
1,10,NA,39,NA,2,203.4846
1,10,NA,40,NA,1,228.8766
1,10,NA,40,NA,2,228.8766
1,10,NA,41,NA,1,155.19
1,10,NA,41,NA,2,155.19
1,10,NA,42,NA,1,87.637
1,10,NA,42,NA,2,87.637
1,10,NA,43,NA,1,437.9674
1,10,NA,43,NA,2,437.9674
1,10,NA,44,NA,1,200.0482
1,10,NA,44,NA,2,200.0482
1,10,NA,45,NA,1,105.782
1,10,NA,45,NA,2,105.782
1,10,NA,46,NA,1,302.0578
1,10,NA,46,NA,2,302.0578
1,10,NA,47,NA,1,198.6574
1,10,NA,47,NA,2,198.6574
1,10,NA,48,NA,1,250.139
1,10,NA,48,NA,2,250.139
1,10,NA,49,NA,1,148.4244
1,10,NA,49,NA,2,148.4244
1,10,NA,50,NA,1,124.8342
1,10,NA,50,NA,2,124.8342
1,10,NA,51,NA,1,218.2122
1,10,NA,51,NA,2,218.2122
1,10,NA,52,NA,1,293.3694
1,10,NA,52,NA,2,293.3694
1,10,NA,53,NA,1,355.2476
1,10,NA,53,NA,2,355.2476
1,10,NA,54,NA,1,173.1068
1,10,NA,54,NA,2,173.1068
1,10,NA,55,NA,1,160.9402
1,10,NA,55,NA,2,160.9402
1,10,NA,56,NA,1,308.8718
1,10,NA,56,NA,2,308.8718
1,10,NA,57,NA,1,135.155
1,10,NA,57,NA,2,135.155
1,10,NA,58,NA,1,190.9222
1,10,NA,58,NA,2,190.9222
1,10,NA,59,NA,1,147.3604
1,10,NA,59,NA,2,147.3604
1,10,NA,60,NA,1,424.8042
1,10,NA,60,NA,2,424.8042
1,10,NA,61,NA,1,236.3132
1,10,NA,61,NA,2,236.3132
1,10,NA,62,NA,1,163.0416
1,10,NA,62,NA,2,163.0416
1,10,NA,63,NA,1,114.2164
1,10,NA,63,NA,2,114.2164
1,10,NA,64,NA,1,126.0786
1,10,NA,64,NA,2,126.0786
1,10,NA,65,NA,1,130.3528
1,10,NA,65,NA,2,130.3528
1,10,NA,66,NA,1,179.373
1,10,NA,66,NA,2,179.373
1,10,NA,67,NA,1,363.0864
1,10,NA,67,NA,2,363.0864
1,10,NA,68,NA,1,170.7758
1,10,NA,68,NA,2,170.7758
1,10,NA,69,NA,1,133.7196
1,10,NA,69,NA,2,133.7196
1,10,NA,70,NA,1,98.6144
1,10,NA,70,NA,2,98.6144
1,10,NA,71,NA,1,82.2874
1,10,NA,71,NA,2,82.2874
1,10,NA,72,NA,1,185.0382
1,10,NA,72,NA,2,185.0382
1,10,NA,73,NA,1,386.3096
1,10,NA,73,NA,2,386.3096
1,10,NA,74,NA,1,143.2998
1,10,NA,74,NA,2,143.2998
1,10,NA,75,NA,1,311.4334
1,10,NA,75,NA,2,311.4334
1,10,NA,76,NA,1,115.8866
1,10,NA,76,NA,2,115.8866
1,10,NA,77,NA,1,174.7438
1,10,NA,77,NA,2,174.7438
1,10,NA,78,NA,1,273.4522
1,10,NA,78,NA,2,273.4522
1,10,NA,79,NA,1,297.2736
1,10,NA,79,NA,2,297.2736
1,10,NA,80,NA,1,119.8498
1,10,NA,80,NA,2,119.8498
1,10,NA,81,NA,1,124.6048
1,10,NA,81,NA,2,124.6048
1,10,NA,82,NA,1,177.3002
1,10,NA,82,NA,2,177.3002
1,10,NA,83,NA,1,230.5298
1,10,NA,83,NA,2,230.5298
1,10,NA,84,NA,1,169.011
1,10,NA,84,NA,2,169.011
1,10,NA,85,NA,1,233.4402
1,10,NA,85,NA,2,233.4402
1,10,NA,86,NA,1,154.6644
1,10,NA,86,NA,2,154.6644
1,10,NA,87,NA,1,172.4952
1,10,NA,87,NA,2,172.4952
1,10,NA,88,NA,1,427.5622
1,10,NA,88,NA,2,427.5622
1,10,NA,89,NA,1,79.491
1,10,NA,89,NA,2,79.491
1,10,NA,90,NA,1,155.9344
1,10,NA,90,NA,2,155.9344
1,10,NA,91,NA,1,217.5726
1,10,NA,91,NA,2,217.5726
1,10,NA,92,NA,1,194.9506
1,10,NA,92,NA,2,194.9506
1,10,NA,93,NA,1,189.5682
1,10,NA,93,NA,2,189.5682
1,10,NA,94,NA,1,156.9182
1,10,NA,94,NA,2,156.9182
1,10,NA,95,NA,1,195.9296
1,10,NA,95,NA,2,195.9296
1,10,NA,96,NA,1,105.234
1,10,NA,96,NA,2,105.234
1,10,NA,97,NA,1,273.3628
1,10,NA,97,NA,2,273.3628
1,10,NA,98,NA,1,323.406
1,10,NA,98,NA,2,323.406
1,10,NA,99,NA,1,341.254
1,10,NA,99,NA,2,341.254
1,10,NA,100,NA,1,316.6692
1,10,NA,100,NA,2,316.6692
1,10,NA,101,NA,1,151.5674
1,10,NA,101,NA,2,151.5674
1,10,NA,102,NA,1,184.4302
1,10,NA,102,NA,2,184.4302
1,10,NA,103,NA,1,289.5776
1,10,NA,103,NA,2,289.5776
1,10,NA,104,NA,1,423.2314
1,10,NA,104,NA,2,423.2314
1,10,NA,105,NA,1,258.0686
1,10,NA,105,NA,2,258.0686
1,10,NA,106,NA,1,258.4264
1,10,NA,106,NA,2,258.4264
1,10,NA,107,NA,1,233.6772
1,10,NA,107,NA,2,233.6772
1,10,NA,108,NA,1,240.598
1,10,NA,108,NA,2,240.598
1,10,NA,109,NA,1,175.5772
1,10,NA,109,NA,2,175.5772
1,10,NA,110,NA,1,303.8822
1,10,NA,110,NA,2,303.8822
1,10,NA,111,NA,1,365.538
1,10,NA,111,NA,2,365.538
1,10,NA,112,NA,1,366.013
1,10,NA,112,NA,2,366.013
1,10,NA,113,NA,1,150.4962
1,10,NA,113,NA,2,150.4962
1,10,NA,114,NA,1,132.115
1,10,NA,114,NA,2,132.115
1,10,NA,115,NA,1,338.8416
1,10,NA,115,NA,2,338.8416
1,10,NA,116,NA,1,116.6828
1,10,NA,116,NA,2,116.6828
1,10,NA,117,NA,1,173.3182
1,10,NA,117,NA,2,173.3182
1,10,NA,118,NA,1,128.2598
1,10,NA,118,NA,2,128.2598
1,10,NA,119,NA,1,202.6606
1,10,NA,119,NA,2,202.6606
1,10,NA,120,NA,1,147.7108
1,10,NA,120,NA,2,147.7108
1,10,NA,121,NA,1,256.674
1,10,NA,121,NA,2,256.674
1,10,NA,122,NA,1,225.7912
1,10,NA,122,NA,2,225.7912
1,10,NA,123,NA,1,165.2754
1,10,NA,123,NA,2,165.2754
1,10,NA,124,NA,1,161.293
1,10,NA,124,NA,2,161.293
1,10,NA,125,NA,1,214.5498
1,10,NA,125,NA,2,214.5498
1,10,NA,126,NA,1,126.0648
1,10,NA,126,NA,2,126.0648
1,10,NA,127,NA,1,271.1632
1,10,NA,127,NA,2,271.1632
1,10,NA,128,NA,1,171.7856
1,10,NA,128,NA,2,171.7856
1,10,NA,129,NA,1,170.892
1,10,NA,129,NA,2,170.892
1,10,NA,130,NA,1,268.8006
1,10,NA,130,NA,2,268.8006
1,10,NA,131,NA,1,133.839
1,10,NA,131,NA,2,133.839
1,10,NA,132,NA,1,178.5146
1,10,NA,132,NA,2,178.5146
1,10,NA,133,NA,1,134.066
1,10,NA,133,NA,2,134.066
1,10,NA,134,NA,1,180.1628
1,10,NA,134,NA,2,180.1628
1,10,NA,135,NA,1,134.4664
1,10,NA,135,NA,2,134.4664
1,10,NA,136,NA,1,281.233
1,10,NA,136,NA,2,281.233
1,10,NA,137,NA,1,135.7314
1,10,NA,137,NA,2,135.7314
1,10,NA,138,NA,1,131.0788
1,10,NA,138,NA,2,131.0788
1,10,NA,139,NA,1,253.6318
1,10,NA,139,NA,2,253.6318
1,10,NA,140,NA,1,165.2844
1,10,NA,140,NA,2,165.2844
1,10,NA,141,NA,1,230.1512
1,10,NA,141,NA,2,230.1512
1,10,NA,142,NA,1,210.3706
1,10,NA,142,NA,2,210.3706
1,10,NA,143,NA,1,95.743
1,10,NA,143,NA,2,95.743
1,10,NA,144,NA,1,212.569
1,10,NA,144,NA,2,212.569
1,10,NA,145,NA,1,279.2756
1,10,NA,145,NA,2,279.2756
1,10,NA,146,NA,1,186.2132
1,10,NA,146,NA,2,186.2132
1,10,NA,147,NA,1,230.4512
1,10,NA,147,NA,2,230.4512
1,10,NA,148,NA,1,140.0944
1,10,NA,148,NA,2,140.0944
1,10,NA,149,NA,1,272.4622
1,10,NA,149,NA,2,272.4622
1,10,NA,150,NA,1,208.4866
1,10,NA,150,NA,2,208.4866
1,10,NA,151,NA,1,78.7704
1,10,NA,151,NA,2,78.7704
1,10,NA,152,NA,1,137.8408
1,10,NA,152,NA,2,137.8408
1,10,NA,153,NA,1,211.8142
1,10,NA,153,NA,2,211.8142
1,10,NA,154,NA,1,345.8248
1,10,NA,154,NA,2,345.8248
1,10,NA,155,NA,1,232.6914
1,10,NA,155,NA,2,232.6914
1,10,NA,156,NA,1,123.463
1,10,NA,156,NA,2,123.463
1,10,NA,157,NA,1,113.8496
1,10,NA,157,NA,2,113.8496
1,10,NA,158,NA,1,200.9908
1,10,NA,158,NA,2,200.9908
1,10,NA,159,NA,1,227.4442
1,10,NA,159,NA,2,227.4442
1,10,NA,160,NA,1,162.3284
1,10,NA,160,NA,2,162.3284
1,10,NA,161,NA,1,104.7974
1,10,NA,161,NA,2,104.7974
1,10,NA,162,NA,1,147.4824
1,10,NA,162,NA,2,147.4824
1,10,NA,163,NA,1,204.7714
1,10,NA,163,NA,2,204.7714
1,10,NA,164,NA,1,67.804
1,10,NA,164,NA,2,67.804
1,10,NA,165,NA,1,177.8678
1,10,NA,165,NA,2,177.8678
1,10,NA,166,NA,1,328.182
1,10,NA,166,NA,2,328.182
1,10,NA,167,NA,1,102.7476
1,10,NA,167,NA,2,102.7476
1,10,NA,168,NA,1,190.3258
1,10,NA,168,NA,2,190.3258
1,10,NA,169,NA,1,178.6252
1,10,NA,169,NA,2,178.6252
1,10,NA,170,NA,1,115.2752
1,10,NA,170,NA,2,115.2752
1,10,NA,171,NA,1,120.265
1,10,NA,171,NA,2,120.265
1,10,NA,172,NA,1,232.8262
1,10,NA,172,NA,2,232.8262
1,10,NA,173,NA,1,133.2276
1,10,NA,173,NA,2,133.2276
1,10,NA,174,NA,1,194.5156
1,10,NA,174,NA,2,194.5156
1,10,NA,175,NA,1,241.6488
1,10,NA,175,NA,2,241.6488
1,10,NA,176,NA,1,109.526
1,10,NA,176,NA,2,109.526
1,10,NA,177,NA,1,233.8584
1,10,NA,177,NA,2,233.8584
1,10,NA,178,NA,1,147.736
1,10,NA,178,NA,2,147.736
1,10,NA,179,NA,1,545.0932
1,10,NA,179,NA,2,545.0932
1,10,NA,180,NA,1,172.3386
1,10,NA,180,NA,2,172.3386
1,10,NA,181,NA,1,163.6536
1,10,NA,181,NA,2,163.6536
1,10,NA,182,NA,1,286.772
1,10,NA,182,NA,2,286.772
1,10,NA,183,NA,1,103.2446
1,10,NA,183,NA,2,103.2446
1,10,NA,184,NA,1,328.0546
1,10,NA,184,NA,2,328.0546
1,10,NA,185,NA,1,197.8578
1,10,NA,185,NA,2,197.8578
1,10,NA,186,NA,1,100.3246
1,10,NA,186,NA,2,100.3246
1,10,NA,187,NA,1,222.281
1,10,NA,187,NA,2,222.281
1,10,NA,188,NA,1,193.9116
1,10,NA,188,NA,2,193.9116
1,10,NA,189,NA,1,191.904
1,10,NA,189,NA,2,191.904
1,10,NA,190,NA,1,183.4368
1,10,NA,190,NA,2,183.4368
1,10,NA,191,NA,1,156.1768
1,10,NA,191,NA,2,156.1768
1,10,NA,192,NA,1,279.6038
1,10,NA,192,NA,2,279.6038
1,10,NA,193,NA,1,146.7026
1,10,NA,193,NA,2,146.7026
1,10,NA,194,NA,1,184.992
1,10,NA,194,NA,2,184.992
1,10,NA,195,NA,1,155.544
1,10,NA,195,NA,2,155.544
1,10,NA,196,NA,1,220.0554
1,10,NA,196,NA,2,220.0554
1,10,NA,197,NA,1,76.7524
1,10,NA,197,NA,2,76.7524
1,10,NA,198,NA,1,203.1766
1,10,NA,198,NA,2,203.1766
1,10,NA,199,NA,1,132.2508
1,10,NA,199,NA,2,132.2508
1,10,NA,200,NA,1,389.6094
1,10,NA,200,NA,2,389.6094
1,10,NA,201,NA,1,205.6278
1,10,NA,201,NA,2,205.6278
1,10,NA,202,NA,1,217.3648
1,10,NA,202,NA,2,217.3648
1,10,NA,203,NA,1,97.6264
1,10,NA,203,NA,2,97.6264
1,10,NA,204,NA,1,381.9004
1,10,NA,204,NA,2,381.9004
1,10,NA,205,NA,1,243.4146
1,10,NA,205,NA,2,243.4146
1,10,NA,206,NA,1,263.5816
1,10,NA,206,NA,2,263.5816
1,10,NA,207,NA,1,113.9408
1,10,NA,207,NA,2,113.9408
1,10,NA,208,NA,1,168.0062
1,10,NA,208,NA,2,168.0062
1,10,NA,209,NA,1,269.0844
1,10,NA,209,NA,2,269.0844
1,10,NA,210,NA,1,225.6608
1,10,NA,210,NA,2,225.6608
1,10,NA,211,NA,1,208.7036
1,10,NA,211,NA,2,208.7036
1,10,NA,212,NA,1,334.1164
1,10,NA,212,NA,2,334.1164
1,10,NA,213,NA,1,132.0174
1,10,NA,213,NA,2,132.0174
1,10,NA,214,NA,1,124.7964
1,10,NA,214,NA,2,124.7964
1,10,NA,215,NA,1,140.4348
1,10,NA,215,NA,2,140.4348
1,10,NA,216,NA,1,175.6274
1,10,NA,216,NA,2,175.6274
1,10,NA,217,NA,1,295.2808
1,10,NA,217,NA,2,295.2808
1,10,NA,218,NA,1,108.741
1,10,NA,218,NA,2,108.741
1,10,NA,219,NA,1,132.6938
1,10,NA,219,NA,2,132.6938
1,10,NA,220,NA,1,191.0734
1,10,NA,220,NA,2,191.0734
1,10,NA,221,NA,1,374.4944
1,10,NA,221,NA,2,374.4944
1,10,NA,222,NA,1,95.5506
1,10,NA,222,NA,2,95.5506
1,10,NA,223,NA,1,265.531
1,10,NA,223,NA,2,265.531
1,10,NA,224,NA,1,188.2922
1,10,NA,224,NA,2,188.2922
1,10,NA,225,NA,1,363.0172
1,10,NA,225,NA,2,363.0172
1,10,NA,226,NA,1,161.4458
1,10,NA,226,NA,2,161.4458
1,10,NA,227,NA,1,126.0612
1,10,NA,227,NA,2,126.0612
1,10,NA,228,NA,1,139.5498
1,10,NA,228,NA,2,139.5498
1,10,NA,229,NA,1,235.9654
1,10,NA,229,NA,2,235.9654
1,10,NA,230,NA,1,92.9064
1,10,NA,230,NA,2,92.9064
1,10,NA,231,NA,1,327.154
1,10,NA,231,NA,2,327.154
1,10,NA,232,NA,1,144.247
1,10,NA,232,NA,2,144.247
1,10,NA,233,NA,1,118.0738
1,10,NA,233,NA,2,118.0738
1,10,NA,234,NA,1,119.7704
1,10,NA,234,NA,2,119.7704
1,10,NA,235,NA,1,233.1646
1,10,NA,235,NA,2,233.1646
1,10,NA,236,NA,1,132.4556
1,10,NA,236,NA,2,132.4556
1,10,NA,237,NA,1,126.6906
1,10,NA,237,NA,2,126.6906
1,10,NA,238,NA,1,168.362
1,10,NA,238,NA,2,168.362
1,10,NA,239,NA,1,177.8374
1,10,NA,239,NA,2,177.8374
1,10,NA,240,NA,1,236.3852
1,10,NA,240,NA,2,236.3852
1,10,NA,241,NA,1,160.4532
1,10,NA,241,NA,2,160.4532
1,10,NA,242,NA,1,165.2026
1,10,NA,242,NA,2,165.2026
1,10,NA,243,NA,1,183.474
1,10,NA,243,NA,2,183.474
1,10,NA,244,NA,1,324.5612
1,10,NA,244,NA,2,324.5612
1,10,NA,245,NA,1,218.3708
1,10,NA,245,NA,2,218.3708
1,10,NA,246,NA,1,153.9584
1,10,NA,246,NA,2,153.9584
1,10,NA,247,NA,1,176.2644
1,10,NA,247,NA,2,176.2644
1,10,NA,248,NA,1,143.9966
1,10,NA,248,NA,2,143.9966
1,10,NA,249,NA,1,250.5454
1,10,NA,249,NA,2,250.5454
1,10,NA,250,NA,1,348.3664
1,10,NA,250,NA,2,348.3664
1,10,NA,251,NA,1,162.2778
1,10,NA,251,NA,2,162.2778
1,10,NA,252,NA,1,262.397
1,10,NA,252,NA,2,262.397
1,10,NA,253,NA,1,170.2464
1,10,NA,253,NA,2,170.2464
1,10,NA,254,NA,1,258.1078
1,10,NA,254,NA,2,258.1078
1,10,NA,255,NA,1,79.2276
1,10,NA,255,NA,2,79.2276
1,10,NA,256,NA,1,96.6524
1,10,NA,256,NA,2,96.6524
1,10,NA,257,NA,1,427.0612
1,10,NA,257,NA,2,427.0612
1,10,NA,258,NA,1,138.9572
1,10,NA,258,NA,2,138.9572
1,10,NA,259,NA,1,354.237
1,10,NA,259,NA,2,354.237
1,10,NA,260,NA,1,174.87
1,10,NA,260,NA,2,174.87
1,10,NA,261,NA,1,418.3988
1,10,NA,261,NA,2,418.3988
1,10,NA,262,NA,1,256.2196
1,10,NA,262,NA,2,256.2196
1,10,NA,263,NA,1,143.398
1,10,NA,263,NA,2,143.398
1,10,NA,264,NA,1,257.5686
1,10,NA,264,NA,2,257.5686
1,10,NA,265,NA,1,195.828
1,10,NA,265,NA,2,195.828
1,10,NA,266,NA,1,192.0774
1,10,NA,266,NA,2,192.0774
1,10,NA,267,NA,1,145.0302
1,10,NA,267,NA,2,145.0302
1,10,NA,268,NA,1,135.2684
1,10,NA,268,NA,2,135.2684
1,10,NA,269,NA,1,142.8254
1,10,NA,269,NA,2,142.8254
1,10,NA,270,NA,1,126.9572
1,10,NA,270,NA,2,126.9572
1,10,NA,271,NA,1,278.2074
1,10,NA,271,NA,2,278.2074
1,10,NA,272,NA,1,117.3058
1,10,NA,272,NA,2,117.3058
1,10,NA,273,NA,1,193.018
1,10,NA,273,NA,2,193.018
1,10,NA,274,NA,1,232.7538
1,10,NA,274,NA,2,232.7538
1,10,NA,275,NA,1,175.3598
1,10,NA,275,NA,2,175.3598
1,10,NA,276,NA,1,166.772
1,10,NA,276,NA,2,166.772
1,10,NA,277,NA,1,213.6662
1,10,NA,277,NA,2,213.6662
1,10,NA,278,NA,1,182.0642
1,10,NA,278,NA,2,182.0642
1,10,NA,279,NA,1,64.292
1,10,NA,279,NA,2,64.292
1,10,NA,280,NA,1,160.7876
1,10,NA,280,NA,2,160.7876
1,10,NA,281,NA,1,140.0632
1,10,NA,281,NA,2,140.0632
1,10,NA,282,NA,1,360.8868
1,10,NA,282,NA,2,360.8868
1,10,NA,283,NA,1,112.2092
1,10,NA,283,NA,2,112.2092
1,10,NA,284,NA,1,221.4022
1,10,NA,284,NA,2,221.4022
1,10,NA,285,NA,1,167.445
1,10,NA,285,NA,2,167.445
1,10,NA,286,NA,1,278.5164
1,10,NA,286,NA,2,278.5164
1,10,NA,287,NA,1,476.6596
1,10,NA,287,NA,2,476.6596
1,10,NA,288,NA,1,136.9388
1,10,NA,288,NA,2,136.9388
1,10,NA,289,NA,1,284.1806
1,10,NA,289,NA,2,284.1806
1,10,NA,290,NA,1,278.5158
1,10,NA,290,NA,2,278.5158
1,10,NA,291,NA,1,176.765
1,10,NA,291,NA,2,176.765
1,10,NA,292,NA,1,173.3644
1,10,NA,292,NA,2,173.3644
1,10,NA,293,NA,1,215.6796
1,10,NA,293,NA,2,215.6796
1,10,NA,294,NA,1,353.7166
1,10,NA,294,NA,2,353.7166
1,10,NA,295,NA,1,108.8188
1,10,NA,295,NA,2,108.8188
1,10,NA,296,NA,1,163.5538
1,10,NA,296,NA,2,163.5538
1,10,NA,297,NA,1,150.6152
1,10,NA,297,NA,2,150.6152
1,10,NA,298,NA,1,218.9638
1,10,NA,298,NA,2,218.9638
1,10,NA,299,NA,1,259.6648
1,10,NA,299,NA,2,259.6648
1,10,NA,300,NA,1,105.8908
1,10,NA,300,NA,2,105.8908
1,10,NA,301,NA,1,271.8856
1,10,NA,301,NA,2,271.8856
1,10,NA,302,NA,1,262.4576
1,10,NA,302,NA,2,262.4576
1,10,NA,303,NA,1,164.4828
1,10,NA,303,NA,2,164.4828
1,10,NA,304,NA,1,188.0044
1,10,NA,304,NA,2,188.0044
1,10,NA,305,NA,1,138.0914
1,10,NA,305,NA,2,138.0914
1,10,NA,306,NA,1,182.684
1,10,NA,306,NA,2,182.684
1,10,NA,307,NA,1,121.2344
1,10,NA,307,NA,2,121.2344
1,10,NA,308,NA,1,213.3138
1,10,NA,308,NA,2,213.3138
1,10,NA,309,NA,1,294.5306
1,10,NA,309,NA,2,294.5306
1,10,NA,310,NA,1,179.0362
1,10,NA,310,NA,2,179.0362
1,10,NA,311,NA,1,283.8488
1,10,NA,311,NA,2,283.8488
1,10,NA,312,NA,1,165.1264
1,10,NA,312,NA,2,165.1264
1,10,NA,313,NA,1,104.8966
1,10,NA,313,NA,2,104.8966
1,10,NA,314,NA,1,118.9462
1,10,NA,314,NA,2,118.9462
1,10,NA,315,NA,1,103.792
1,10,NA,315,NA,2,103.792
1,10,NA,316,NA,1,98.7058
1,10,NA,316,NA,2,98.7058
1,10,NA,317,NA,1,204.206
1,10,NA,317,NA,2,204.206
1,10,NA,318,NA,1,424.0672
1,10,NA,318,NA,2,424.0672
1,10,NA,319,NA,1,101.4186
1,10,NA,319,NA,2,101.4186
1,10,NA,320,NA,1,114.1382
1,10,NA,320,NA,2,114.1382
1,10,NA,321,NA,1,111.81
1,10,NA,321,NA,2,111.81
1,10,NA,322,NA,1,125.6896
1,10,NA,322,NA,2,125.6896
1,10,NA,323,NA,1,343.5148
1,10,NA,323,NA,2,343.5148
1,10,NA,324,NA,1,215.1502
1,10,NA,324,NA,2,215.1502
1,10,NA,325,NA,1,315.0402
1,10,NA,325,NA,2,315.0402
1,10,NA,326,NA,1,157.3138
1,10,NA,326,NA,2,157.3138
1,10,NA,327,NA,1,208.3156
1,10,NA,327,NA,2,208.3156
1,10,NA,328,NA,1,190.0688
1,10,NA,328,NA,2,190.0688
1,10,NA,329,NA,1,167.6026
1,10,NA,329,NA,2,167.6026
1,10,NA,330,NA,1,259.4714
1,10,NA,330,NA,2,259.4714
1,10,NA,331,NA,1,301.4976
1,10,NA,331,NA,2,301.4976
1,10,NA,332,NA,1,262.7742
1,10,NA,332,NA,2,262.7742
1,10,NA,333,NA,1,289.5416
1,10,NA,333,NA,2,289.5416
1,10,NA,334,NA,1,197.7298
1,10,NA,334,NA,2,197.7298
1,10,NA,335,NA,1,123.877
1,10,NA,335,NA,2,123.877
1,10,NA,336,NA,1,225.4074
1,10,NA,336,NA,2,225.4074
1,10,NA,337,NA,1,225.0858
1,10,NA,337,NA,2,225.0858
1,10,NA,338,NA,1,71.2614
1,10,NA,338,NA,2,71.2614
1,10,NA,339,NA,1,162.0498
1,10,NA,339,NA,2,162.0498
1,10,NA,340,NA,1,97.451
1,10,NA,340,NA,2,97.451
1,10,NA,341,NA,1,66.7948
1,10,NA,341,NA,2,66.7948
1,10,NA,342,NA,1,311.139
1,10,NA,342,NA,2,311.139
1,10,NA,343,NA,1,310.085
1,10,NA,343,NA,2,310.085
1,10,NA,344,NA,1,157.0594
1,10,NA,344,NA,2,157.0594
1,10,NA,345,NA,1,151.0208
1,10,NA,345,NA,2,151.0208
1,10,NA,346,NA,1,234.8346
1,10,NA,346,NA,2,234.8346
1,10,NA,347,NA,1,296.7942
1,10,NA,347,NA,2,296.7942
1,10,NA,348,NA,1,243.5176
1,10,NA,348,NA,2,243.5176
1,10,NA,349,NA,1,131.7534
1,10,NA,349,NA,2,131.7534
1,10,NA,350,NA,1,168.4244
1,10,NA,350,NA,2,168.4244
1,10,NA,351,NA,1,218.4376
1,10,NA,351,NA,2,218.4376
1,10,NA,352,NA,1,245.2746
1,10,NA,352,NA,2,245.2746
1,10,NA,353,NA,1,277.8404
1,10,NA,353,NA,2,277.8404
1,10,NA,354,NA,1,79.974
1,10,NA,354,NA,2,79.974
1,10,NA,355,NA,1,177.69
1,10,NA,355,NA,2,177.69
1,10,NA,356,NA,1,100.5618
1,10,NA,356,NA,2,100.5618
1,10,NA,357,NA,1,244.2818
1,10,NA,357,NA,2,244.2818
1,10,NA,358,NA,1,104.66
1,10,NA,358,NA,2,104.66
1,10,NA,359,NA,1,207.3346
1,10,NA,359,NA,2,207.3346
1,10,NA,360,NA,1,201.7236
1,10,NA,360,NA,2,201.7236
1,10,NA,361,NA,1,181.5564
1,10,NA,361,NA,2,181.5564
1,10,NA,362,NA,1,299.773
1,10,NA,362,NA,2,299.773
1,10,NA,363,NA,1,127.121
1,10,NA,363,NA,2,127.121
1,10,NA,364,NA,1,310.1108
1,10,NA,364,NA,2,310.1108
1,10,NA,365,NA,1,153.069
1,10,NA,365,NA,2,153.069
1,10,NA,366,NA,1,139.9982
1,10,NA,366,NA,2,139.9982
1,10,NA,367,NA,1,220.3896
1,10,NA,367,NA,2,220.3896
1,10,NA,368,NA,1,289.0942
1,10,NA,368,NA,2,289.0942
1,10,NA,369,NA,1,315.0564
1,10,NA,369,NA,2,315.0564
1,10,NA,370,NA,1,120.7322
1,10,NA,370,NA,2,120.7322
1,10,NA,371,NA,1,186.0942
1,10,NA,371,NA,2,186.0942
1,10,NA,372,NA,1,155.4612
1,10,NA,372,NA,2,155.4612
1,10,NA,373,NA,1,175.8234
1,10,NA,373,NA,2,175.8234
1,10,NA,374,NA,1,150.9908
1,10,NA,374,NA,2,150.9908
1,10,NA,375,NA,1,170.5162
1,10,NA,375,NA,2,170.5162
1,10,NA,376,NA,1,87.7708
1,10,NA,376,NA,2,87.7708
1,10,NA,377,NA,1,261.5002
1,10,NA,377,NA,2,261.5002
1,10,NA,378,NA,1,176.459
1,10,NA,378,NA,2,176.459
1,10,NA,379,NA,1,177.5482
1,10,NA,379,NA,2,177.5482
1,10,NA,380,NA,1,82.3282
1,10,NA,380,NA,2,82.3282
1,10,NA,381,NA,1,103.6758
1,10,NA,381,NA,2,103.6758
1,10,NA,382,NA,1,275.5954
1,10,NA,382,NA,2,275.5954
1,10,NA,383,NA,1,288.1426
1,10,NA,383,NA,2,288.1426
1,10,NA,384,NA,1,131.7618
1,10,NA,384,NA,2,131.7618
1,10,NA,385,NA,1,168.8874
1,10,NA,385,NA,2,168.8874
1,10,NA,386,NA,1,133.881
1,10,NA,386,NA,2,133.881
1,10,NA,387,NA,1,95.7912
1,10,NA,387,NA,2,95.7912
1,10,NA,388,NA,1,127.8502
1,10,NA,388,NA,2,127.8502
1,10,NA,389,NA,1,297.2096
1,10,NA,389,NA,2,297.2096
1,10,NA,390,NA,1,246.3018
1,10,NA,390,NA,2,246.3018
1,10,NA,391,NA,1,342.7104
1,10,NA,391,NA,2,342.7104
1,10,NA,392,NA,1,201.7832
1,10,NA,392,NA,2,201.7832
1,10,NA,393,NA,1,157.641
1,10,NA,393,NA,2,157.641
1,10,NA,394,NA,1,163.5212
1,10,NA,394,NA,2,163.5212
1,10,NA,395,NA,1,201.61
1,10,NA,395,NA,2,201.61
1,10,NA,396,NA,1,210.5122
1,10,NA,396,NA,2,210.5122
1,10,NA,397,NA,1,216.7802
1,10,NA,397,NA,2,216.7802
1,10,NA,398,NA,1,141.7414
1,10,NA,398,NA,2,141.7414
1,10,NA,399,NA,1,188.6166
1,10,NA,399,NA,2,188.6166
1,10,NA,400,NA,1,142.582
1,10,NA,400,NA,2,142.582
1,10,NA,401,NA,1,195.3504
1,10,NA,401,NA,2,195.3504
1,10,NA,402,NA,1,110.3842
1,10,NA,402,NA,2,110.3842
1,10,NA,403,NA,1,144.5378
1,10,NA,403,NA,2,144.5378
1,10,NA,404,NA,1,208.709
1,10,NA,404,NA,2,208.709
1,10,NA,405,NA,1,154.2876
1,10,NA,405,NA,2,154.2876
1,10,NA,406,NA,1,175.6736
1,10,NA,406,NA,2,175.6736
1,10,NA,407,NA,1,161.3006
1,10,NA,407,NA,2,161.3006
1,10,NA,408,NA,1,175.8152
1,10,NA,408,NA,2,175.8152
1,10,NA,409,NA,1,155.6892
1,10,NA,409,NA,2,155.6892
1,10,NA,410,NA,1,285.3286
1,10,NA,410,NA,2,285.3286
1,10,NA,411,NA,1,235.5838
1,10,NA,411,NA,2,235.5838
1,10,NA,412,NA,1,140.8618
1,10,NA,412,NA,2,140.8618
1,10,NA,413,NA,1,355.5742
1,10,NA,413,NA,2,355.5742
1,10,NA,414,NA,1,107.0296
1,10,NA,414,NA,2,107.0296
1,10,NA,415,NA,1,116.8616
1,10,NA,415,NA,2,116.8616
1,10,NA,416,NA,1,68.8488
1,10,NA,416,NA,2,68.8488
1,10,NA,417,NA,1,203.853
1,10,NA,417,NA,2,203.853
1,10,NA,418,NA,1,142.9806
1,10,NA,418,NA,2,142.9806
1,10,NA,419,NA,1,338.591
1,10,NA,419,NA,2,338.591
1,10,NA,420,NA,1,155.4506
1,10,NA,420,NA,2,155.4506
1,10,NA,421,NA,1,174.545
1,10,NA,421,NA,2,174.545
1,10,NA,422,NA,1,282.5376
1,10,NA,422,NA,2,282.5376
1,10,NA,423,NA,1,151.7678
1,10,NA,423,NA,2,151.7678
1,10,NA,424,NA,1,137.5276
1,10,NA,424,NA,2,137.5276
1,10,NA,425,NA,1,196.412
1,10,NA,425,NA,2,196.412
1,10,NA,426,NA,1,254.2252
1,10,NA,426,NA,2,254.2252
1,10,NA,427,NA,1,190.3106
1,10,NA,427,NA,2,190.3106
1,10,NA,428,NA,1,190.207
1,10,NA,428,NA,2,190.207
1,10,NA,429,NA,1,283.5108
1,10,NA,429,NA,2,283.5108
1,10,NA,430,NA,1,200.465
1,10,NA,430,NA,2,200.465
1,10,NA,431,NA,1,303.8952
1,10,NA,431,NA,2,303.8952
1,10,NA,432,NA,1,172.2812
1,10,NA,432,NA,2,172.2812
1,10,NA,433,NA,1,268.3034
1,10,NA,433,NA,2,268.3034
1,10,NA,434,NA,1,184.5154
1,10,NA,434,NA,2,184.5154
1,10,NA,435,NA,1,127.9708
1,10,NA,435,NA,2,127.9708
1,10,NA,436,NA,1,227.1136
1,10,NA,436,NA,2,227.1136
1,10,NA,437,NA,1,109.5232
1,10,NA,437,NA,2,109.5232
1,10,NA,438,NA,1,272.2568
1,10,NA,438,NA,2,272.2568
1,10,NA,439,NA,1,166.6876
1,10,NA,439,NA,2,166.6876
1,10,NA,440,NA,1,229.6418
1,10,NA,440,NA,2,229.6418
1,10,NA,441,NA,1,116.746
1,10,NA,441,NA,2,116.746
1,10,NA,442,NA,1,147.4904
1,10,NA,442,NA,2,147.4904
1,10,NA,443,NA,1,355.0792
1,10,NA,443,NA,2,355.0792
1,10,NA,444,NA,1,152.4378
1,10,NA,444,NA,2,152.4378
1,10,NA,445,NA,1,295.004
1,10,NA,445,NA,2,295.004
1,10,NA,446,NA,1,243.6932
1,10,NA,446,NA,2,243.6932
1,10,NA,447,NA,1,154.9526
1,10,NA,447,NA,2,154.9526
1,10,NA,448,NA,1,126.699
1,10,NA,448,NA,2,126.699
1,10,NA,449,NA,1,217.0046
1,10,NA,449,NA,2,217.0046
1,10,NA,450,NA,1,131.523
1,10,NA,450,NA,2,131.523
1,10,NA,451,NA,1,164.4634
1,10,NA,451,NA,2,164.4634
1,10,NA,452,NA,1,392.6648
1,10,NA,452,NA,2,392.6648
1,10,NA,453,NA,1,275.655
1,10,NA,453,NA,2,275.655
1,10,NA,454,NA,1,162.9466
1,10,NA,454,NA,2,162.9466
1,10,NA,455,NA,1,235.052
1,10,NA,455,NA,2,235.052
1,10,NA,456,NA,1,235.4388
1,10,NA,456,NA,2,235.4388
1,10,NA,457,NA,1,161.8872
1,10,NA,457,NA,2,161.8872
1,10,NA,458,NA,1,150.3236
1,10,NA,458,NA,2,150.3236
1,10,NA,459,NA,1,197.5596
1,10,NA,459,NA,2,197.5596
1,10,NA,460,NA,1,127.1412
1,10,NA,460,NA,2,127.1412
1,10,NA,461,NA,1,280.6794
1,10,NA,461,NA,2,280.6794
1,10,NA,462,NA,1,173.75
1,10,NA,462,NA,2,173.75
1,10,NA,463,NA,1,316.4852
1,10,NA,463,NA,2,316.4852
1,10,NA,464,NA,1,352.1664
1,10,NA,464,NA,2,352.1664
1,10,NA,465,NA,1,265.0228
1,10,NA,465,NA,2,265.0228
1,10,NA,466,NA,1,105.706
1,10,NA,466,NA,2,105.706
1,10,NA,467,NA,1,225.3702
1,10,NA,467,NA,2,225.3702
1,10,NA,468,NA,1,255.2936
1,10,NA,468,NA,2,255.2936
1,10,NA,469,NA,1,280.7544
1,10,NA,469,NA,2,280.7544
1,10,NA,470,NA,1,144.9658
1,10,NA,470,NA,2,144.9658
1,10,NA,471,NA,1,149.9128
1,10,NA,471,NA,2,149.9128
1,10,NA,472,NA,1,120.0462
1,10,NA,472,NA,2,120.0462
1,10,NA,473,NA,1,247.8754
1,10,NA,473,NA,2,247.8754
1,10,NA,474,NA,1,226.6356
1,10,NA,474,NA,2,226.6356
1,10,NA,475,NA,1,126.3412
1,10,NA,475,NA,2,126.3412
1,10,NA,476,NA,1,84.4182
1,10,NA,476,NA,2,84.4182
1,10,NA,477,NA,1,100.6448
1,10,NA,477,NA,2,100.6448
1,10,NA,478,NA,1,162.0574
1,10,NA,478,NA,2,162.0574
1,10,NA,479,NA,1,152.0908
1,10,NA,479,NA,2,152.0908
1,10,NA,480,NA,1,144.2132
1,10,NA,480,NA,2,144.2132
1,10,NA,481,NA,1,175.4938
1,10,NA,481,NA,2,175.4938
1,10,NA,482,NA,1,182.9692
1,10,NA,482,NA,2,182.9692
1,10,NA,483,NA,1,228.8032
1,10,NA,483,NA,2,228.8032
1,10,NA,484,NA,1,150.8546
1,10,NA,484,NA,2,150.8546
1,10,NA,485,NA,1,127.0744
1,10,NA,485,NA,2,127.0744
1,10,NA,486,NA,1,127.1602
1,10,NA,486,NA,2,127.1602
1,10,NA,487,NA,1,151.2638
1,10,NA,487,NA,2,151.2638
1,10,NA,488,NA,1,64.5516
1,10,NA,488,NA,2,64.5516
1,10,NA,489,NA,1,115.5752
1,10,NA,489,NA,2,115.5752
1,10,NA,490,NA,1,120.9912
1,10,NA,490,NA,2,120.9912
1,10,NA,491,NA,1,306.643
1,10,NA,491,NA,2,306.643
1,10,NA,492,NA,1,88.4094
1,10,NA,492,NA,2,88.4094
1,10,NA,493,NA,1,257.61
1,10,NA,493,NA,2,257.61
1,10,NA,494,NA,1,183.7638
1,10,NA,494,NA,2,183.7638
1,10,NA,495,NA,1,260.7196
1,10,NA,495,NA,2,260.7196
1,10,NA,496,NA,1,217.7136
1,10,NA,496,NA,2,217.7136
1,10,NA,497,NA,1,270.2894
1,10,NA,497,NA,2,270.2894
1,10,NA,498,NA,1,149.0714
1,10,NA,498,NA,2,149.0714
1,10,NA,499,NA,1,166.937
1,10,NA,499,NA,2,166.937
1,10,NA,500,NA,1,288.485
1,10,NA,500,NA,2,288.485
1,10,NA,501,NA,1,132.3344
1,10,NA,501,NA,2,132.3344
1,10,NA,502,NA,1,197.1124
1,10,NA,502,NA,2,197.1124
1,10,NA,503,NA,1,187.4162
1,10,NA,503,NA,2,187.4162
1,10,NA,504,NA,1,256.8974
1,10,NA,504,NA,2,256.8974
1,10,NA,505,NA,1,194.1912
1,10,NA,505,NA,2,194.1912
1,10,NA,506,NA,1,204.622
1,10,NA,506,NA,2,204.622
1,10,NA,507,NA,1,107.1888
1,10,NA,507,NA,2,107.1888
1,10,NA,508,NA,1,280.0798
1,10,NA,508,NA,2,280.0798
1,10,NA,509,NA,1,157.021
1,10,NA,509,NA,2,157.021
1,10,NA,510,NA,1,197.7482
1,10,NA,510,NA,2,197.7482
1,10,NA,511,NA,1,166.5728
1,10,NA,511,NA,2,166.5728
1,10,NA,512,NA,1,168.511
1,10,NA,512,NA,2,168.511
1,10,NA,513,NA,1,115.2862
1,10,NA,513,NA,2,115.2862
1,10,NA,514,NA,1,335.1374
1,10,NA,514,NA,2,335.1374
1,10,NA,515,NA,1,184.96
1,10,NA,515,NA,2,184.96
1,10,NA,516,NA,1,177.442
1,10,NA,516,NA,2,177.442
1,10,NA,517,NA,1,150.3716
1,10,NA,517,NA,2,150.3716
1,10,NA,518,NA,1,150.6016
1,10,NA,518,NA,2,150.6016
1,10,NA,519,NA,1,210.3204
1,10,NA,519,NA,2,210.3204
1,10,NA,520,NA,1,249.788
1,10,NA,520,NA,2,249.788
1,10,NA,521,NA,1,226.46
1,10,NA,521,NA,2,226.46
1,10,NA,522,NA,1,115.8868
1,10,NA,522,NA,2,115.8868
1,10,NA,523,NA,1,351.3872
1,10,NA,523,NA,2,351.3872
1,10,NA,524,NA,1,165.8808
1,10,NA,524,NA,2,165.8808
1,10,NA,525,NA,1,147.5526
1,10,NA,525,NA,2,147.5526
1,10,NA,526,NA,1,106.4234
1,10,NA,526,NA,2,106.4234
1,10,NA,527,NA,1,203.8706
1,10,NA,527,NA,2,203.8706
1,10,NA,528,NA,1,228.444
1,10,NA,528,NA,2,228.444
1,10,NA,529,NA,1,170.2338
1,10,NA,529,NA,2,170.2338
1,10,NA,530,NA,1,244.7412
1,10,NA,530,NA,2,244.7412
1,10,NA,531,NA,1,134.7558
1,10,NA,531,NA,2,134.7558
1,10,NA,532,NA,1,247.0808
1,10,NA,532,NA,2,247.0808
1,10,NA,533,NA,1,99.1956
1,10,NA,533,NA,2,99.1956
1,10,NA,534,NA,1,129.8922
1,10,NA,534,NA,2,129.8922
1,10,NA,535,NA,1,294.1494
1,10,NA,535,NA,2,294.1494
1,10,NA,536,NA,1,160.7714
1,10,NA,536,NA,2,160.7714
1,10,NA,537,NA,1,134.059
1,10,NA,537,NA,2,134.059
1,10,NA,538,NA,1,176.116
1,10,NA,538,NA,2,176.116
1,10,NA,539,NA,1,155.1822
1,10,NA,539,NA,2,155.1822
1,10,NA,540,NA,1,144.8204
1,10,NA,540,NA,2,144.8204
1,10,NA,541,NA,1,173.5548
1,10,NA,541,NA,2,173.5548
1,10,NA,542,NA,1,180.209
1,10,NA,542,NA,2,180.209
1,10,NA,543,NA,1,110.5136
1,10,NA,543,NA,2,110.5136
1,10,NA,544,NA,1,159.7092
1,10,NA,544,NA,2,159.7092
1,10,NA,545,NA,1,172.3902
1,10,NA,545,NA,2,172.3902
1,10,NA,546,NA,1,214.1578
1,10,NA,546,NA,2,214.1578
1,10,NA,547,NA,1,212.7686
1,10,NA,547,NA,2,212.7686
1,10,NA,548,NA,1,242.136
1,10,NA,548,NA,2,242.136
1,10,NA,549,NA,1,137.9278
1,10,NA,549,NA,2,137.9278
1,10,NA,550,NA,1,188.366
1,10,NA,550,NA,2,188.366
1,10,NA,551,NA,1,151.3752
1,10,NA,551,NA,2,151.3752
1,10,NA,552,NA,1,246.2458
1,10,NA,552,NA,2,246.2458
1,10,NA,553,NA,1,186.1256
1,10,NA,553,NA,2,186.1256
1,10,NA,554,NA,1,86.9584
1,10,NA,554,NA,2,86.9584
1,10,NA,555,NA,1,96.6338
1,10,NA,555,NA,2,96.6338
1,10,NA,556,NA,1,153.897
1,10,NA,556,NA,2,153.897
1,10,NA,557,NA,1,245.0554
1,10,NA,557,NA,2,245.0554
1,10,NA,558,NA,1,117.408
1,10,NA,558,NA,2,117.408
1,10,NA,559,NA,1,174.9806
1,10,NA,559,NA,2,174.9806
1,10,NA,560,NA,1,189.6698
1,10,NA,560,NA,2,189.6698
1,10,NA,561,NA,1,93.1756
1,10,NA,561,NA,2,93.1756
1,10,NA,562,NA,1,212.2284
1,10,NA,562,NA,2,212.2284
1,10,NA,563,NA,1,224.2702
1,10,NA,563,NA,2,224.2702
1,10,NA,564,NA,1,403.4556
1,10,NA,564,NA,2,403.4556
1,10,NA,565,NA,1,243.878
1,10,NA,565,NA,2,243.878
1,10,NA,566,NA,1,307.816
1,10,NA,566,NA,2,307.816
1,10,NA,567,NA,1,252.5164
1,10,NA,567,NA,2,252.5164
1,10,NA,568,NA,1,186.6558
1,10,NA,568,NA,2,186.6558
1,10,NA,569,NA,1,175.0294
1,10,NA,569,NA,2,175.0294
1,10,NA,570,NA,1,161.302
1,10,NA,570,NA,2,161.302
1,10,NA,571,NA,1,115.844
1,10,NA,571,NA,2,115.844
1,10,NA,572,NA,1,181.763
1,10,NA,572,NA,2,181.763
1,10,NA,573,NA,1,140.6326
1,10,NA,573,NA,2,140.6326
1,10,NA,574,NA,1,206.178
1,10,NA,574,NA,2,206.178
1,10,NA,575,NA,1,242.8044
1,10,NA,575,NA,2,242.8044
1,10,NA,576,NA,1,172.4868
1,10,NA,576,NA,2,172.4868
1,10,NA,577,NA,1,287.9546
1,10,NA,577,NA,2,287.9546
1,10,NA,578,NA,1,175.7844
1,10,NA,578,NA,2,175.7844
1,10,NA,579,NA,1,135.3772
1,10,NA,579,NA,2,135.3772
1,10,NA,580,NA,1,114.3344
1,10,NA,580,NA,2,114.3344
1,10,NA,581,NA,1,176.9254
1,10,NA,581,NA,2,176.9254
1,10,NA,582,NA,1,173.3588
1,10,NA,582,NA,2,173.3588
1,10,NA,583,NA,1,230.1852
1,10,NA,583,NA,2,230.1852
1,10,NA,584,NA,1,181.0584
1,10,NA,584,NA,2,181.0584
1,10,NA,585,NA,1,340.8344
1,10,NA,585,NA,2,340.8344
1,10,NA,586,NA,1,132.4628
1,10,NA,586,NA,2,132.4628
1,10,NA,587,NA,1,162.191
1,10,NA,587,NA,2,162.191
1,10,NA,588,NA,1,295.8034
1,10,NA,588,NA,2,295.8034
1,10,NA,589,NA,1,317.4786
1,10,NA,589,NA,2,317.4786
1,10,NA,590,NA,1,219.9628
1,10,NA,590,NA,2,219.9628
1,10,NA,591,NA,1,134.7436
1,10,NA,591,NA,2,134.7436
1,10,NA,592,NA,1,356.1206
1,10,NA,592,NA,2,356.1206
1,10,NA,593,NA,1,345.6698
1,10,NA,593,NA,2,345.6698
1,10,NA,594,NA,1,54.3288
1,10,NA,594,NA,2,54.3288
1,10,NA,595,NA,1,391.2124
1,10,NA,595,NA,2,391.2124
1,10,NA,596,NA,1,180.1844
1,10,NA,596,NA,2,180.1844
1,10,NA,597,NA,1,255.5652
1,10,NA,597,NA,2,255.5652
1,10,NA,598,NA,1,128.0574
1,10,NA,598,NA,2,128.0574
1,10,NA,599,NA,1,180.8888
1,10,NA,599,NA,2,180.8888
1,10,NA,600,NA,1,152.936
1,10,NA,600,NA,2,152.936
1,10,NA,601,NA,1,266.6212
1,10,NA,601,NA,2,266.6212
1,10,NA,602,NA,1,258.3532
1,10,NA,602,NA,2,258.3532
1,10,NA,603,NA,1,425.868
1,10,NA,603,NA,2,425.868
1,10,NA,604,NA,1,187.9264
1,10,NA,604,NA,2,187.9264
1,10,NA,605,NA,1,177.4452
1,10,NA,605,NA,2,177.4452
1,10,NA,606,NA,1,127.0548
1,10,NA,606,NA,2,127.0548
1,10,NA,607,NA,1,158.6284
1,10,NA,607,NA,2,158.6284
1,10,NA,608,NA,1,145.6736
1,10,NA,608,NA,2,145.6736
1,10,NA,609,NA,1,162.516
1,10,NA,609,NA,2,162.516
1,10,NA,610,NA,1,257.8108
1,10,NA,610,NA,2,257.8108
1,10,NA,611,NA,1,212.775
1,10,NA,611,NA,2,212.775
1,10,NA,612,NA,1,143.2028
1,10,NA,612,NA,2,143.2028
1,10,NA,613,NA,1,213.0088
1,10,NA,613,NA,2,213.0088
1,10,NA,614,NA,1,347.774
1,10,NA,614,NA,2,347.774
1,10,NA,615,NA,1,246.0986
1,10,NA,615,NA,2,246.0986
1,10,NA,616,NA,1,284.9536
1,10,NA,616,NA,2,284.9536
1,10,NA,617,NA,1,150.285
1,10,NA,617,NA,2,150.285
1,10,NA,618,NA,1,150.8278
1,10,NA,618,NA,2,150.8278
1,10,NA,619,NA,1,255.1632
1,10,NA,619,NA,2,255.1632
1,10,NA,620,NA,1,217.016
1,10,NA,620,NA,2,217.016
1,10,NA,621,NA,1,267.3454
1,10,NA,621,NA,2,267.3454
1,10,NA,622,NA,1,152.3214
1,10,NA,622,NA,2,152.3214
1,10,NA,623,NA,1,187.847
1,10,NA,623,NA,2,187.847
1,10,NA,624,NA,1,162.336
1,10,NA,624,NA,2,162.336
1,10,NA,625,NA,1,178.9308
1,10,NA,625,NA,2,178.9308
1,10,NA,626,NA,1,291.9886
1,10,NA,626,NA,2,291.9886
1,10,NA,627,NA,1,140.8312
1,10,NA,627,NA,2,140.8312
1,10,NA,628,NA,1,209.5552
1,10,NA,628,NA,2,209.5552
1,10,NA,629,NA,1,143.076
1,10,NA,629,NA,2,143.076
1,10,NA,630,NA,1,239.0192
1,10,NA,630,NA,2,239.0192
1,10,NA,631,NA,1,161.1312
1,10,NA,631,NA,2,161.1312
1,10,NA,632,NA,1,246.0214
1,10,NA,632,NA,2,246.0214
1,10,NA,633,NA,1,140.9416
1,10,NA,633,NA,2,140.9416
1,10,NA,634,NA,1,137.7598
1,10,NA,634,NA,2,137.7598
1,10,NA,635,NA,1,270.1444
1,10,NA,635,NA,2,270.1444
1,10,NA,636,NA,1,138.431
1,10,NA,636,NA,2,138.431
1,10,NA,637,NA,1,167.751
1,10,NA,637,NA,2,167.751
1,10,NA,638,NA,1,294.6326
1,10,NA,638,NA,2,294.6326
1,10,NA,639,NA,1,271.1452
1,10,NA,639,NA,2,271.1452
1,10,NA,640,NA,1,232.3088
1,10,NA,640,NA,2,232.3088
1,10,NA,641,NA,1,220.4228
1,10,NA,641,NA,2,220.4228
1,10,NA,642,NA,1,161.0554
1,10,NA,642,NA,2,161.0554
1,10,NA,643,NA,1,175.9416
1,10,NA,643,NA,2,175.9416
1,10,NA,644,NA,1,348.6782
1,10,NA,644,NA,2,348.6782
1,10,NA,645,NA,1,108.061
1,10,NA,645,NA,2,108.061
1,10,NA,646,NA,1,116.054
1,10,NA,646,NA,2,116.054
1,10,NA,647,NA,1,142.5806
1,10,NA,647,NA,2,142.5806
1,10,NA,648,NA,1,250.497
1,10,NA,648,NA,2,250.497
1,10,NA,649,NA,1,155.5248
1,10,NA,649,NA,2,155.5248
1,10,NA,650,NA,1,187.774
1,10,NA,650,NA,2,187.774
1,10,NA,651,NA,1,230.8756
1,10,NA,651,NA,2,230.8756
1,10,NA,652,NA,1,440.831
1,10,NA,652,NA,2,440.831
1,10,NA,653,NA,1,154.7588
1,10,NA,653,NA,2,154.7588
1,10,NA,654,NA,1,143.3978
1,10,NA,654,NA,2,143.3978
1,10,NA,655,NA,1,149.5218
1,10,NA,655,NA,2,149.5218
1,10,NA,656,NA,1,276.2704
1,10,NA,656,NA,2,276.2704
1,10,NA,657,NA,1,142.944
1,10,NA,657,NA,2,142.944
1,10,NA,658,NA,1,142.1214
1,10,NA,658,NA,2,142.1214
1,10,NA,659,NA,1,164.201
1,10,NA,659,NA,2,164.201
1,10,NA,660,NA,1,125.091
1,10,NA,660,NA,2,125.091
1,10,NA,661,NA,1,149.627
1,10,NA,661,NA,2,149.627
1,10,NA,662,NA,1,168.583
1,10,NA,662,NA,2,168.583
1,10,NA,663,NA,1,209.6018
1,10,NA,663,NA,2,209.6018
1,10,NA,664,NA,1,226.633
1,10,NA,664,NA,2,226.633
1,10,NA,665,NA,1,221.7002
1,10,NA,665,NA,2,221.7002
1,10,NA,666,NA,1,152.9162
1,10,NA,666,NA,2,152.9162
1,10,NA,667,NA,1,129.9052
1,10,NA,667,NA,2,129.9052
1,10,NA,668,NA,1,227.053
1,10,NA,668,NA,2,227.053
1,10,NA,669,NA,1,80.155
1,10,NA,669,NA,2,80.155
1,10,NA,670,NA,1,138.37
1,10,NA,670,NA,2,138.37
1,10,NA,671,NA,1,171.4638
1,10,NA,671,NA,2,171.4638
1,10,NA,672,NA,1,154.449
1,10,NA,672,NA,2,154.449
1,10,NA,673,NA,1,118.601
1,10,NA,673,NA,2,118.601
1,10,NA,674,NA,1,146.9528
1,10,NA,674,NA,2,146.9528
1,10,NA,675,NA,1,124.7376
1,10,NA,675,NA,2,124.7376
1,10,NA,676,NA,1,257.4978
1,10,NA,676,NA,2,257.4978
1,10,NA,677,NA,1,292.7934
1,10,NA,677,NA,2,292.7934
1,10,NA,678,NA,1,188.856
1,10,NA,678,NA,2,188.856
1,10,NA,679,NA,1,134.113
1,10,NA,679,NA,2,134.113
1,10,NA,680,NA,1,205.625
1,10,NA,680,NA,2,205.625
1,10,NA,681,NA,1,190.4918
1,10,NA,681,NA,2,190.4918
1,10,NA,682,NA,1,280.4748
1,10,NA,682,NA,2,280.4748
1,10,NA,683,NA,1,208.55
1,10,NA,683,NA,2,208.55
1,10,NA,684,NA,1,249.8522
1,10,NA,684,NA,2,249.8522
1,10,NA,685,NA,1,137.3512
1,10,NA,685,NA,2,137.3512
1,10,NA,686,NA,1,115.2332
1,10,NA,686,NA,2,115.2332
1,10,NA,687,NA,1,240.5998
1,10,NA,687,NA,2,240.5998
1,10,NA,688,NA,1,200.1498
1,10,NA,688,NA,2,200.1498
1,10,NA,689,NA,1,164.5926
1,10,NA,689,NA,2,164.5926
1,10,NA,690,NA,1,128.1778
1,10,NA,690,NA,2,128.1778
1,10,NA,691,NA,1,342.5022
1,10,NA,691,NA,2,342.5022
1,10,NA,692,NA,1,149.6034
1,10,NA,692,NA,2,149.6034
1,10,NA,693,NA,1,157.5712
1,10,NA,693,NA,2,157.5712
1,10,NA,694,NA,1,103.4792
1,10,NA,694,NA,2,103.4792
1,10,NA,695,NA,1,379.4666
1,10,NA,695,NA,2,379.4666
1,10,NA,696,NA,1,181.0936
1,10,NA,696,NA,2,181.0936
1,10,NA,697,NA,1,213.8922
1,10,NA,697,NA,2,213.8922
1,10,NA,698,NA,1,127.5918
1,10,NA,698,NA,2,127.5918
1,10,NA,699,NA,1,459.913
1,10,NA,699,NA,2,459.913
1,10,NA,700,NA,1,249.7974
1,10,NA,700,NA,2,249.7974
1,10,NA,701,NA,1,200.7442
1,10,NA,701,NA,2,200.7442
1,10,NA,702,NA,1,342.8706
1,10,NA,702,NA,2,342.8706
1,10,NA,703,NA,1,168.0896
1,10,NA,703,NA,2,168.0896
1,10,NA,704,NA,1,208.2516
1,10,NA,704,NA,2,208.2516
1,10,NA,705,NA,1,175.1928
1,10,NA,705,NA,2,175.1928
1,10,NA,706,NA,1,93.1352
1,10,NA,706,NA,2,93.1352
1,10,NA,707,NA,1,161.422
1,10,NA,707,NA,2,161.422
1,10,NA,708,NA,1,218.9902
1,10,NA,708,NA,2,218.9902
1,10,NA,709,NA,1,173.7242
1,10,NA,709,NA,2,173.7242
1,10,NA,710,NA,1,171.489
1,10,NA,710,NA,2,171.489
1,10,NA,711,NA,1,343.5592
1,10,NA,711,NA,2,343.5592
1,10,NA,712,NA,1,185.984
1,10,NA,712,NA,2,185.984
1,10,NA,713,NA,1,281.0902
1,10,NA,713,NA,2,281.0902
1,10,NA,714,NA,1,158.5362
1,10,NA,714,NA,2,158.5362
1,10,NA,715,NA,1,109.4434
1,10,NA,715,NA,2,109.4434
1,10,NA,716,NA,1,188.6852
1,10,NA,716,NA,2,188.6852
1,10,NA,717,NA,1,148.8244
1,10,NA,717,NA,2,148.8244
1,10,NA,718,NA,1,192.5996
1,10,NA,718,NA,2,192.5996
1,10,NA,719,NA,1,175.6744
1,10,NA,719,NA,2,175.6744
1,10,NA,720,NA,1,127.0868
1,10,NA,720,NA,2,127.0868
1,10,NA,721,NA,1,163.456
1,10,NA,721,NA,2,163.456
1,10,NA,722,NA,1,275.8826
1,10,NA,722,NA,2,275.8826
1,10,NA,723,NA,1,207.5288
1,10,NA,723,NA,2,207.5288
1,10,NA,724,NA,1,150.0902
1,10,NA,724,NA,2,150.0902
1,10,NA,725,NA,1,280.0926
1,10,NA,725,NA,2,280.0926
1,10,NA,726,NA,1,183.8734
1,10,NA,726,NA,2,183.8734
1,10,NA,727,NA,1,192.1902
1,10,NA,727,NA,2,192.1902
1,10,NA,728,NA,1,103.1642
1,10,NA,728,NA,2,103.1642
1,10,NA,729,NA,1,234.3654
1,10,NA,729,NA,2,234.3654
1,10,NA,730,NA,1,144.8568
1,10,NA,730,NA,2,144.8568
1,10,NA,731,NA,1,281.1648
1,10,NA,731,NA,2,281.1648
1,10,NA,732,NA,1,226.8696
1,10,NA,732,NA,2,226.8696
1,10,NA,733,NA,1,243.8446
1,10,NA,733,NA,2,243.8446
1,10,NA,734,NA,1,434.9612
1,10,NA,734,NA,2,434.9612
1,10,NA,735,NA,1,111.4258
1,10,NA,735,NA,2,111.4258
1,10,NA,736,NA,1,106.6162
1,10,NA,736,NA,2,106.6162
1,10,NA,737,NA,1,151.3252
1,10,NA,737,NA,2,151.3252
1,10,NA,738,NA,1,165.2562
1,10,NA,738,NA,2,165.2562
1,10,NA,739,NA,1,284.0176
1,10,NA,739,NA,2,284.0176
1,10,NA,740,NA,1,315.9542
1,10,NA,740,NA,2,315.9542
1,10,NA,741,NA,1,398.6918
1,10,NA,741,NA,2,398.6918
1,10,NA,742,NA,1,250.7696
1,10,NA,742,NA,2,250.7696
1,10,NA,743,NA,1,156.8258
1,10,NA,743,NA,2,156.8258
1,10,NA,744,NA,1,202.805
1,10,NA,744,NA,2,202.805
1,10,NA,745,NA,1,104.4098
1,10,NA,745,NA,2,104.4098
1,10,NA,746,NA,1,371.1648
1,10,NA,746,NA,2,371.1648
1,10,NA,747,NA,1,108.2182
1,10,NA,747,NA,2,108.2182
1,10,NA,748,NA,1,319.0774
1,10,NA,748,NA,2,319.0774
1,10,NA,749,NA,1,229.416
1,10,NA,749,NA,2,229.416
1,10,NA,750,NA,1,284.6582
1,10,NA,750,NA,2,284.6582
1,10,NA,751,NA,1,459.5338
1,10,NA,751,NA,2,459.5338
1,10,NA,752,NA,1,217.4368
1,10,NA,752,NA,2,217.4368
1,10,NA,753,NA,1,158.4678
1,10,NA,753,NA,2,158.4678
1,10,NA,754,NA,1,208.8428
1,10,NA,754,NA,2,208.8428
1,10,NA,755,NA,1,185.6996
1,10,NA,755,NA,2,185.6996
1,10,NA,756,NA,1,249.1974
1,10,NA,756,NA,2,249.1974
1,10,NA,757,NA,1,153.27
1,10,NA,757,NA,2,153.27
1,10,NA,758,NA,1,323.3518
1,10,NA,758,NA,2,323.3518
1,10,NA,759,NA,1,140.2706
1,10,NA,759,NA,2,140.2706
1,10,NA,760,NA,1,218.5982
1,10,NA,760,NA,2,218.5982
1,10,NA,761,NA,1,173.5636
1,10,NA,761,NA,2,173.5636
1,10,NA,762,NA,1,205.5824
1,10,NA,762,NA,2,205.5824
1,10,NA,763,NA,1,120.4148
1,10,NA,763,NA,2,120.4148
1,10,NA,764,NA,1,117.8686
1,10,NA,764,NA,2,117.8686
1,10,NA,765,NA,1,135.6784
1,10,NA,765,NA,2,135.6784
1,10,NA,766,NA,1,163.7826
1,10,NA,766,NA,2,163.7826
1,10,NA,767,NA,1,223.6608
1,10,NA,767,NA,2,223.6608
1,10,NA,768,NA,1,235.058
1,10,NA,768,NA,2,235.058
1,10,NA,769,NA,1,264.4288
1,10,NA,769,NA,2,264.4288
1,10,NA,770,NA,1,367.8152
1,10,NA,770,NA,2,367.8152
1,10,NA,771,NA,1,211.2226
1,10,NA,771,NA,2,211.2226
1,10,NA,772,NA,1,169.925
1,10,NA,772,NA,2,169.925
1,10,NA,773,NA,1,150.5824
1,10,NA,773,NA,2,150.5824
1,10,NA,774,NA,1,233.392
1,10,NA,774,NA,2,233.392
1,10,NA,775,NA,1,230.1724
1,10,NA,775,NA,2,230.1724
1,10,NA,776,NA,1,151.6038
1,10,NA,776,NA,2,151.6038
1,10,NA,777,NA,1,152.2758
1,10,NA,777,NA,2,152.2758
1,10,NA,778,NA,1,138.4844
1,10,NA,778,NA,2,138.4844
1,10,NA,779,NA,1,188.5804
1,10,NA,779,NA,2,188.5804
1,10,NA,780,NA,1,245.3078
1,10,NA,780,NA,2,245.3078
1,10,NA,781,NA,1,202.9028
1,10,NA,781,NA,2,202.9028
1,10,NA,782,NA,1,275.5646
1,10,NA,782,NA,2,275.5646
1,10,NA,783,NA,1,277.3404
1,10,NA,783,NA,2,277.3404
1,10,NA,784,NA,1,161.5184
1,10,NA,784,NA,2,161.5184
1,10,NA,785,NA,1,213.2192
1,10,NA,785,NA,2,213.2192
1,10,NA,786,NA,1,253.5142
1,10,NA,786,NA,2,253.5142
1,10,NA,787,NA,1,128.1858
1,10,NA,787,NA,2,128.1858
1,10,NA,788,NA,1,181.7228
1,10,NA,788,NA,2,181.7228
1,10,NA,789,NA,1,133.7624
1,10,NA,789,NA,2,133.7624
1,10,NA,790,NA,1,163.6472
1,10,NA,790,NA,2,163.6472
1,10,NA,791,NA,1,165.214
1,10,NA,791,NA,2,165.214
1,10,NA,792,NA,1,501.3962
1,10,NA,792,NA,2,501.3962
1,10,NA,793,NA,1,204.4158
1,10,NA,793,NA,2,204.4158
1,10,NA,794,NA,1,145.7466
1,10,NA,794,NA,2,145.7466
1,10,NA,795,NA,1,240.3094
1,10,NA,795,NA,2,240.3094
1,10,NA,796,NA,1,209.1114
1,10,NA,796,NA,2,209.1114
1,10,NA,797,NA,1,174.2126
1,10,NA,797,NA,2,174.2126
1,10,NA,798,NA,1,426.7636
1,10,NA,798,NA,2,426.7636
1,10,NA,799,NA,1,191.1438
1,10,NA,799,NA,2,191.1438
1,10,NA,800,NA,1,187.2778
1,10,NA,800,NA,2,187.2778
1,10,NA,801,NA,1,186.639
1,10,NA,801,NA,2,186.639
1,10,NA,802,NA,1,276.4864
1,10,NA,802,NA,2,276.4864
1,10,NA,803,NA,1,371.2328
1,10,NA,803,NA,2,371.2328
1,10,NA,804,NA,1,188.4552
1,10,NA,804,NA,2,188.4552
1,10,NA,805,NA,1,121.2538
1,10,NA,805,NA,2,121.2538
1,10,NA,806,NA,1,167.5612
1,10,NA,806,NA,2,167.5612
1,10,NA,807,NA,1,347.5754
1,10,NA,807,NA,2,347.5754
1,10,NA,808,NA,1,134.2346
1,10,NA,808,NA,2,134.2346
1,10,NA,809,NA,1,413.8074
1,10,NA,809,NA,2,413.8074
1,10,NA,810,NA,1,329.1712
1,10,NA,810,NA,2,329.1712
1,10,NA,811,NA,1,68.4824
1,10,NA,811,NA,2,68.4824
1,10,NA,812,NA,1,178.9494
1,10,NA,812,NA,2,178.9494
1,10,NA,813,NA,1,137.3194
1,10,NA,813,NA,2,137.3194
1,10,NA,814,NA,1,205.1732
1,10,NA,814,NA,2,205.1732
1,10,NA,815,NA,1,414.5598
1,10,NA,815,NA,2,414.5598
1,10,NA,816,NA,1,156.001
1,10,NA,816,NA,2,156.001
1,10,NA,817,NA,1,233.3826
1,10,NA,817,NA,2,233.3826
1,10,NA,818,NA,1,186.7532
1,10,NA,818,NA,2,186.7532
1,10,NA,819,NA,1,179.2448
1,10,NA,819,NA,2,179.2448
1,10,NA,820,NA,1,164.8684
1,10,NA,820,NA,2,164.8684
1,10,NA,821,NA,1,191.968
1,10,NA,821,NA,2,191.968
1,10,NA,822,NA,1,88.635
1,10,NA,822,NA,2,88.635
1,10,NA,823,NA,1,203.4768
1,10,NA,823,NA,2,203.4768
1,10,NA,824,NA,1,193.5212
1,10,NA,824,NA,2,193.5212
1,10,NA,825,NA,1,365.8236
1,10,NA,825,NA,2,365.8236
1,10,NA,826,NA,1,221.3648
1,10,NA,826,NA,2,221.3648
1,10,NA,827,NA,1,194.0258
1,10,NA,827,NA,2,194.0258
1,10,NA,828,NA,1,130.249
1,10,NA,828,NA,2,130.249
1,10,NA,829,NA,1,239.8944
1,10,NA,829,NA,2,239.8944
1,10,NA,830,NA,1,348.3396
1,10,NA,830,NA,2,348.3396
1,10,NA,831,NA,1,150.377
1,10,NA,831,NA,2,150.377
1,10,NA,832,NA,1,106.909
1,10,NA,832,NA,2,106.909
1,10,NA,833,NA,1,118.1948
1,10,NA,833,NA,2,118.1948
1,10,NA,834,NA,1,159.4072
1,10,NA,834,NA,2,159.4072
1,10,NA,835,NA,1,161.5932
1,10,NA,835,NA,2,161.5932
1,10,NA,836,NA,1,150.6172
1,10,NA,836,NA,2,150.6172
1,10,NA,837,NA,1,171.6192
1,10,NA,837,NA,2,171.6192
1,10,NA,838,NA,1,132.2764
1,10,NA,838,NA,2,132.2764
1,10,NA,839,NA,1,133.3938
1,10,NA,839,NA,2,133.3938
1,10,NA,840,NA,1,146.775
1,10,NA,840,NA,2,146.775
1,10,NA,841,NA,1,121.0374
1,10,NA,841,NA,2,121.0374
1,10,NA,842,NA,1,173.858
1,10,NA,842,NA,2,173.858
1,10,NA,843,NA,1,188.4168
1,10,NA,843,NA,2,188.4168
1,10,NA,844,NA,1,136.196
1,10,NA,844,NA,2,136.196
1,10,NA,845,NA,1,199.1446
1,10,NA,845,NA,2,199.1446
1,10,NA,846,NA,1,65.1704
1,10,NA,846,NA,2,65.1704
1,10,NA,847,NA,1,201.6426
1,10,NA,847,NA,2,201.6426
1,10,NA,848,NA,1,124.0934
1,10,NA,848,NA,2,124.0934
1,10,NA,849,NA,1,256.9046
1,10,NA,849,NA,2,256.9046
1,10,NA,850,NA,1,205.1596
1,10,NA,850,NA,2,205.1596
1,10,NA,851,NA,1,222.2648
1,10,NA,851,NA,2,222.2648
1,10,NA,852,NA,1,194.4618
1,10,NA,852,NA,2,194.4618
1,10,NA,853,NA,1,138.7754
1,10,NA,853,NA,2,138.7754
1,10,NA,854,NA,1,241.0182
1,10,NA,854,NA,2,241.0182
1,10,NA,855,NA,1,211.246
1,10,NA,855,NA,2,211.246
1,10,NA,856,NA,1,194.375
1,10,NA,856,NA,2,194.375
1,10,NA,857,NA,1,329.02
1,10,NA,857,NA,2,329.02
1,10,NA,858,NA,1,128.6292
1,10,NA,858,NA,2,128.6292
1,10,NA,859,NA,1,107.1544
1,10,NA,859,NA,2,107.1544
1,10,NA,860,NA,1,164.691
1,10,NA,860,NA,2,164.691
1,10,NA,861,NA,1,191.3048
1,10,NA,861,NA,2,191.3048
1,10,NA,862,NA,1,100.4998
1,10,NA,862,NA,2,100.4998
1,10,NA,863,NA,1,172.908
1,10,NA,863,NA,2,172.908
1,10,NA,864,NA,1,190.4104
1,10,NA,864,NA,2,190.4104
1,10,NA,865,NA,1,236.737
1,10,NA,865,NA,2,236.737
1,10,NA,866,NA,1,298.169
1,10,NA,866,NA,2,298.169
1,10,NA,867,NA,1,201.7078
1,10,NA,867,NA,2,201.7078
1,10,NA,868,NA,1,137.917
1,10,NA,868,NA,2,137.917
1,10,NA,869,NA,1,227.7806
1,10,NA,869,NA,2,227.7806
1,10,NA,870,NA,1,269.1886
1,10,NA,870,NA,2,269.1886
1,10,NA,871,NA,1,135.3328
1,10,NA,871,NA,2,135.3328
1,10,NA,872,NA,1,263.9934
1,10,NA,872,NA,2,263.9934
1,10,NA,873,NA,1,99.661
1,10,NA,873,NA,2,99.661
1,10,NA,874,NA,1,244.1788
1,10,NA,874,NA,2,244.1788
1,10,NA,875,NA,1,167.241
1,10,NA,875,NA,2,167.241
1,10,NA,876,NA,1,227.2838
1,10,NA,876,NA,2,227.2838
1,10,NA,877,NA,1,285.92380000000003
1,10,NA,877,NA,2,285.92380000000003
1,10,NA,878,NA,1,252.9112
1,10,NA,878,NA,2,252.9112
1,10,NA,879,NA,1,140.603
1,10,NA,879,NA,2,140.603
1,10,NA,880,NA,1,213.6218
1,10,NA,880,NA,2,213.6218
1,10,NA,881,NA,1,126.4776
1,10,NA,881,NA,2,126.4776
1,10,NA,882,NA,1,206.2144
1,10,NA,882,NA,2,206.2144
1,10,NA,883,NA,1,194.3684
1,10,NA,883,NA,2,194.3684
1,10,NA,884,NA,1,141.5616
1,10,NA,884,NA,2,141.5616
1,10,NA,885,NA,1,222.687
1,10,NA,885,NA,2,222.687
1,10,NA,886,NA,1,149.3328
1,10,NA,886,NA,2,149.3328
1,10,NA,887,NA,1,495.5156
1,10,NA,887,NA,2,495.5156
1,10,NA,888,NA,1,345.5684
1,10,NA,888,NA,2,345.5684
1,10,NA,889,NA,1,100.2434
1,10,NA,889,NA,2,100.2434
1,10,NA,890,NA,1,308.3272
1,10,NA,890,NA,2,308.3272
1,10,NA,891,NA,1,154.4488
1,10,NA,891,NA,2,154.4488
1,10,NA,892,NA,1,198.0986
1,10,NA,892,NA,2,198.0986
1,10,NA,893,NA,1,154.748
1,10,NA,893,NA,2,154.748
1,10,NA,894,NA,1,262.784
1,10,NA,894,NA,2,262.784
1,10,NA,895,NA,1,254.6812
1,10,NA,895,NA,2,254.6812
1,10,NA,896,NA,1,329.6024
1,10,NA,896,NA,2,329.6024
1,10,NA,897,NA,1,257.8644
1,10,NA,897,NA,2,257.8644
1,10,NA,898,NA,1,191.9814
1,10,NA,898,NA,2,191.9814
1,10,NA,899,NA,1,140.4534
1,10,NA,899,NA,2,140.4534
1,10,NA,900,NA,1,150.1156
1,10,NA,900,NA,2,150.1156
1,10,NA,901,NA,1,185.6524
1,10,NA,901,NA,2,185.6524
1,10,NA,902,NA,1,184.3848
1,10,NA,902,NA,2,184.3848
1,10,NA,903,NA,1,185.4038
1,10,NA,903,NA,2,185.4038
1,10,NA,904,NA,1,223.6808
1,10,NA,904,NA,2,223.6808
1,10,NA,905,NA,1,191.0234
1,10,NA,905,NA,2,191.0234
1,10,NA,906,NA,1,162.7324
1,10,NA,906,NA,2,162.7324
1,10,NA,907,NA,1,307.6822
1,10,NA,907,NA,2,307.6822
1,10,NA,908,NA,1,213.3458
1,10,NA,908,NA,2,213.3458
1,10,NA,909,NA,1,166.894
1,10,NA,909,NA,2,166.894
1,10,NA,910,NA,1,167.6696
1,10,NA,910,NA,2,167.6696
1,10,NA,911,NA,1,206.5756
1,10,NA,911,NA,2,206.5756
1,10,NA,912,NA,1,182.0814
1,10,NA,912,NA,2,182.0814
1,10,NA,913,NA,1,132.3764
1,10,NA,913,NA,2,132.3764
1,10,NA,914,NA,1,158.5446
1,10,NA,914,NA,2,158.5446
1,10,NA,915,NA,1,293.7622
1,10,NA,915,NA,2,293.7622
1,10,NA,916,NA,1,267.1266
1,10,NA,916,NA,2,267.1266
1,10,NA,917,NA,1,81.0016
1,10,NA,917,NA,2,81.0016
1,10,NA,918,NA,1,102.366
1,10,NA,918,NA,2,102.366
1,10,NA,919,NA,1,320.18
1,10,NA,919,NA,2,320.18
1,10,NA,920,NA,1,284.0014
1,10,NA,920,NA,2,284.0014
1,10,NA,921,NA,1,231.2576
1,10,NA,921,NA,2,231.2576
1,10,NA,922,NA,1,239.7266
1,10,NA,922,NA,2,239.7266
1,10,NA,923,NA,1,268.7792
1,10,NA,923,NA,2,268.7792
1,10,NA,924,NA,1,139.2882
1,10,NA,924,NA,2,139.2882
1,10,NA,925,NA,1,217.279
1,10,NA,925,NA,2,217.279
1,10,NA,926,NA,1,177.2844
1,10,NA,926,NA,2,177.2844
1,10,NA,927,NA,1,184.9804
1,10,NA,927,NA,2,184.9804
1,10,NA,928,NA,1,317.314
1,10,NA,928,NA,2,317.314
1,10,NA,929,NA,1,257.7272
1,10,NA,929,NA,2,257.7272
1,10,NA,930,NA,1,234.3388
1,10,NA,930,NA,2,234.3388
1,10,NA,931,NA,1,229.267
1,10,NA,931,NA,2,229.267
1,10,NA,932,NA,1,151.2272
1,10,NA,932,NA,2,151.2272
1,10,NA,933,NA,1,194.4312
1,10,NA,933,NA,2,194.4312
1,10,NA,934,NA,1,215.5394
1,10,NA,934,NA,2,215.5394
1,10,NA,935,NA,1,149.132
1,10,NA,935,NA,2,149.132
1,10,NA,936,NA,1,134.902
1,10,NA,936,NA,2,134.902
1,10,NA,937,NA,1,183.153
1,10,NA,937,NA,2,183.153
1,10,NA,938,NA,1,223.2138
1,10,NA,938,NA,2,223.2138
1,10,NA,939,NA,1,123.5216
1,10,NA,939,NA,2,123.5216
1,10,NA,940,NA,1,292.132
1,10,NA,940,NA,2,292.132
1,10,NA,941,NA,1,131.0496
1,10,NA,941,NA,2,131.0496
1,10,NA,942,NA,1,220.4186
1,10,NA,942,NA,2,220.4186
1,10,NA,943,NA,1,318.3752
1,10,NA,943,NA,2,318.3752
1,10,NA,944,NA,1,224.4958
1,10,NA,944,NA,2,224.4958
1,10,NA,945,NA,1,207.6252
1,10,NA,945,NA,2,207.6252
1,10,NA,946,NA,1,170.1868
1,10,NA,946,NA,2,170.1868
1,10,NA,947,NA,1,100.7226
1,10,NA,947,NA,2,100.7226
1,10,NA,948,NA,1,94.3778
1,10,NA,948,NA,2,94.3778
1,10,NA,949,NA,1,228.9464
1,10,NA,949,NA,2,228.9464
1,10,NA,950,NA,1,212.7196
1,10,NA,950,NA,2,212.7196
1,10,NA,951,NA,1,261.1908
1,10,NA,951,NA,2,261.1908
1,10,NA,952,NA,1,300.919
1,10,NA,952,NA,2,300.919
1,10,NA,953,NA,1,90.9812
1,10,NA,953,NA,2,90.9812
1,10,NA,954,NA,1,220.8682
1,10,NA,954,NA,2,220.8682
1,10,NA,955,NA,1,184.5508
1,10,NA,955,NA,2,184.5508
1,10,NA,956,NA,1,330.3856
1,10,NA,956,NA,2,330.3856
1,10,NA,957,NA,1,232.5396
1,10,NA,957,NA,2,232.5396
1,10,NA,958,NA,1,107.5994
1,10,NA,958,NA,2,107.5994
1,10,NA,959,NA,1,110.2632
1,10,NA,959,NA,2,110.2632
1,10,NA,960,NA,1,231.7252
1,10,NA,960,NA,2,231.7252
1,10,NA,961,NA,1,225.4702
1,10,NA,961,NA,2,225.4702
1,10,NA,962,NA,1,218.378
1,10,NA,962,NA,2,218.378
1,10,NA,963,NA,1,181.1044
1,10,NA,963,NA,2,181.1044
1,10,NA,964,NA,1,173.9778
1,10,NA,964,NA,2,173.9778
1,10,NA,965,NA,1,184.9678
1,10,NA,965,NA,2,184.9678
1,10,NA,966,NA,1,333.957
1,10,NA,966,NA,2,333.957
1,10,NA,967,NA,1,308.8178
1,10,NA,967,NA,2,308.8178
1,10,NA,968,NA,1,257.9302
1,10,NA,968,NA,2,257.9302
1,10,NA,969,NA,1,319.8838
1,10,NA,969,NA,2,319.8838
1,10,NA,970,NA,1,255.6696
1,10,NA,970,NA,2,255.6696
1,10,NA,971,NA,1,347.2894
1,10,NA,971,NA,2,347.2894
1,10,NA,972,NA,1,238.8244
1,10,NA,972,NA,2,238.8244
1,10,NA,973,NA,1,98.687
1,10,NA,973,NA,2,98.687
1,10,NA,974,NA,1,100.0722
1,10,NA,974,NA,2,100.0722
1,10,NA,975,NA,1,184.6514
1,10,NA,975,NA,2,184.6514
1,10,NA,976,NA,1,284.6092
1,10,NA,976,NA,2,284.6092
1,10,NA,977,NA,1,153.8714
1,10,NA,977,NA,2,153.8714
1,10,NA,978,NA,1,202.7972
1,10,NA,978,NA,2,202.7972
1,10,NA,979,NA,1,129.281
1,10,NA,979,NA,2,129.281
1,10,NA,980,NA,1,231.6918
1,10,NA,980,NA,2,231.6918
1,10,NA,981,NA,1,235.1416
1,10,NA,981,NA,2,235.1416
1,10,NA,982,NA,1,212.1576
1,10,NA,982,NA,2,212.1576
1,10,NA,983,NA,1,133.7562
1,10,NA,983,NA,2,133.7562
1,10,NA,984,NA,1,120.3266
1,10,NA,984,NA,2,120.3266
1,10,NA,985,NA,1,162.3524
1,10,NA,985,NA,2,162.3524
1,10,NA,986,NA,1,204.3584
1,10,NA,986,NA,2,204.3584
1,10,NA,987,NA,1,92.0162
1,10,NA,987,NA,2,92.0162
1,10,NA,988,NA,1,139.6376
1,10,NA,988,NA,2,139.6376
1,10,NA,989,NA,1,214.8652
1,10,NA,989,NA,2,214.8652
1,10,NA,990,NA,1,209.1754
1,10,NA,990,NA,2,209.1754
1,10,NA,991,NA,1,191.2136
1,10,NA,991,NA,2,191.2136
1,10,NA,992,NA,1,356.8866
1,10,NA,992,NA,2,356.8866
1,10,NA,993,NA,1,263.468
1,10,NA,993,NA,2,263.468
1,10,NA,994,NA,1,207.5886
1,10,NA,994,NA,2,207.5886
1,10,NA,995,NA,1,172.5926
1,10,NA,995,NA,2,172.5926
1,10,NA,996,NA,1,234.9136
1,10,NA,996,NA,2,234.9136
1,10,NA,997,NA,1,272.678
1,10,NA,997,NA,2,272.678
1,10,NA,998,NA,1,149.644
1,10,NA,998,NA,2,149.644
1,10,NA,999,NA,1,119.0108
1,10,NA,999,NA,2,119.0108
1,10,NA,1000,NA,1,264.7412
1,10,NA,1000,NA,2,264.7412
